coefficient,intercept
10.0007617978,4.99517512842
