coefficient,intercept
10.000000000000004,4.999999999999986
