coefficient,intercept
0.348808611421,-63.5210100533
